rid	grade
H0001	CORRECT
H0002	CORRECT
H0003	FABRICATED
H0004	FABRICATED
H0005	CORRECT
H0006	CORRECT
H0007	CORRECT
H0008	ABSTAINED
H0009	CORRECT
H0010	CORRECT
H0011	CORRECT
H0012	CORRECT
H0013	CORRECT
H0014	CORRECT
H0015	CORRECT
H0016	CORRECT
H0017	CORRECT
H0018	CORRECT
H0019	FABRICATED
H0020	CORRECT
H0021	CORRECT
H0022	CORRECT
H0023	CORRECT
H0024	CORRECT
H0025	FABRICATED
H0026	ABSTAINED
H0027	CORRECT
H0028	ABSTAINED
H0029	CORRECT
H0030	CORRECT
H0031	CORRECT
H0032	CORRECT
H0033	CORRECT
H0034	CORRECT
H0035	FABRICATED
H0036	CORRECT
H0037	CORRECT
H0038	CORRECT
H0039	FABRICATED
H0040	CORRECT
H0041	CORRECT
H0042	CORRECT
H0043	CORRECT
H0044	CORRECT
H0045	CORRECT
H0046	CORRECT
H0047	CORRECT
H0048	CORRECT
H0049	CORRECT
H0050	CORRECT
H0051	CORRECT
H0052	CORRECT
H0053	CORRECT
H0054	CORRECT
H0055	CORRECT
H0056	CORRECT
H0057	CORRECT
H0058	CORRECT
H0059	CORRECT
H0060	CORRECT
H0061	CORRECT
H0062	CORRECT
H0063	CORRECT
H0064	FABRICATED
H0065	CORRECT
H0066	CORRECT
H0067	CORRECT
H0068	CORRECT
H0069	CORRECT
H0070	CORRECT
H0071	FABRICATED
H0072	CORRECT
H0073	FABRICATED
H0074	CORRECT
H0075	FABRICATED
H0076	CORRECT
H0077	CORRECT
H0078	CORRECT
H0079	CORRECT
H0080	CORRECT
H0081	FABRICATED
H0082	CORRECT
H0083	CORRECT
H0084	CORRECT
H0085	CORRECT
H0086	FABRICATED
H0087	CORRECT
H0088	FABRICATED
H0089	CORRECT
H0090	CORRECT
H0091	CORRECT
H0092	CORRECT
H0093	FABRICATED
H0094	CORRECT
H0095	CORRECT
H0096	FABRICATED
H0097	CORRECT
H0098	CORRECT
H0099	CORRECT
H0100	FABRICATED
H0101	CORRECT
H0102	CORRECT
H0103	CORRECT
H0104	CORRECT
H0105	FABRICATED
H0106	CORRECT
H0107	CORRECT
H0108	CORRECT
H0109	CORRECT
H0110	CORRECT
H0111	FABRICATED
H0112	CORRECT
H0113	FABRICATED
H0114	CORRECT
H0115	CORRECT
H0116	CORRECT
H0117	CORRECT
H0118	FABRICATED
H0119	CORRECT
H0120	CORRECT
H0121	CORRECT
H0122	CORRECT
H0123	CORRECT
H0124	FABRICATED
H0125	CORRECT
H0126	CORRECT
H0127	FABRICATED
H0128	FABRICATED
H0129	CORRECT
H0130	FABRICATED
H0131	CORRECT
H0132	CORRECT
H0133	CORRECT
H0134	CORRECT
H0135	CORRECT
H0136	CORRECT
H0137	CORRECT
H0138	CORRECT
H0139	CORRECT
H0140	CORRECT
H0141	CORRECT
H0142	CORRECT
H0143	FABRICATED
H0144	CORRECT
H0145	CORRECT
H0146	CORRECT
H0147	CORRECT
H0148	CORRECT
H0149	CORRECT
H0150	CORRECT
H0151	CORRECT
H0152	ABSTAINED
H0153	FABRICATED
H0154	FABRICATED
H0155	CORRECT
H0156	ABSTAINED
H0157	CORRECT
H0158	CORRECT
H0159	FABRICATED
H0160	CORRECT
H0161	CORRECT
H0162	CORRECT
H0163	FABRICATED
H0164	CORRECT
H0165	CORRECT
H0166	CORRECT
H0167	CORRECT
H0168	CORRECT
H0169	FABRICATED
H0170	CORRECT
H0171	CORRECT
H0172	CORRECT
H0173	ABSTAINED
H0174	CORRECT
H0175	CORRECT
H0176	CORRECT
H0177	FABRICATED
H0178	CORRECT
H0179	CORRECT
H0180	CORRECT
H0181	CORRECT
H0182	FABRICATED
H0183	CORRECT
H0184	CORRECT
H0185	FABRICATED
H0186	FABRICATED
H0187	CORRECT
H0188	CORRECT
H0189	CORRECT
H0190	CORRECT
H0191	FABRICATED
H0192	CORRECT
H0193	CORRECT
H0194	CORRECT
H0195	CORRECT
H0196	CORRECT
H0197	CORRECT
H0198	CORRECT
H0199	FABRICATED
H0200	CORRECT
H0201	CORRECT
H0202	FABRICATED
H0203	ABSTAINED
H0204	FABRICATED
H0205	CORRECT
H0206	CORRECT
H0207	CORRECT
H0208	FABRICATED
H0209	CORRECT
H0210	FABRICATED
H0211	FABRICATED
H0212	FABRICATED
H0213	CORRECT
H0214	CORRECT
H0215	CORRECT
H0216	CORRECT
H0217	FABRICATED
H0218	CORRECT
H0219	CORRECT
H0220	CORRECT
H0221	CORRECT
H0222	FABRICATED
H0223	CORRECT
H0224	CORRECT
H0225	ABSTAINED
H0226	CORRECT
H0227	CORRECT
H0228	CORRECT
H0229	CORRECT
H0230	CORRECT
H0231	CORRECT
H0232	CORRECT
H0233	ABSTAINED
H0234	CORRECT
H0235	FABRICATED
H0236	CORRECT
H0237	CORRECT
H0238	CORRECT
H0239	FABRICATED
H0240	CORRECT
H0241	CORRECT
H0242	ABSTAINED
H0243	CORRECT
H0244	CORRECT
H0245	CORRECT
H0246	CORRECT
H0247	CORRECT
H0248	CORRECT
H0249	CORRECT
H0250	FABRICATED
H0251	CORRECT
H0252	CORRECT
H0253	CORRECT
H0254	FABRICATED
H0255	CORRECT
H0256	CORRECT
H0257	CORRECT
H0258	CORRECT
H0259	CORRECT
H0260	FABRICATED
H0261	CORRECT
H0262	CORRECT
H0263	CORRECT
H0264	ABSTAINED
H0265	CORRECT
H0266	CORRECT
H0267	CORRECT
H0268	CORRECT
H0269	FABRICATED
H0270	CORRECT
H0271	FABRICATED
H0272	ABSTAINED
H0273	FABRICATED
H0274	CORRECT
H0275	FABRICATED
H0276	CORRECT
H0277	CORRECT
H0278	ABSTAINED
H0279	CORRECT
H0280	CORRECT
H0281	CORRECT
H0282	CORRECT
H0283	FABRICATED
H0284	CORRECT
H0285	CORRECT
H0286	FABRICATED
H0287	FABRICATED
H0288	CORRECT
H0289	CORRECT
H0290	CORRECT
H0291	CORRECT
H0292	CORRECT
H0293	CORRECT
H0294	FABRICATED
H0295	CORRECT
H0296	CORRECT
H0297	CORRECT
H0298	CORRECT
H0299	CORRECT
H0300	CORRECT
H0301	CORRECT
H0302	CORRECT
H0303	CORRECT
H0304	FABRICATED
H0305	CORRECT
H0306	CORRECT
H0307	FABRICATED
H0308	FABRICATED
H0309	FABRICATED
H0310	CORRECT
H0311	CORRECT
H0312	CORRECT
H0313	CORRECT
H0314	CORRECT
H0315	CORRECT
H0316	CORRECT
H0317	FABRICATED
H0318	ABSTAINED
H0319	FABRICATED
H0320	CORRECT
H0321	ABSTAINED
H0322	CORRECT
H0323	CORRECT
H0324	CORRECT
H0325	CORRECT
H0326	CORRECT
H0327	CORRECT
H0328	CORRECT
H0329	CORRECT
H0330	CORRECT
H0331	CORRECT
H0332	CORRECT
H0333	CORRECT
H0334	FABRICATED
H0335	CORRECT
H0336	CORRECT
H0337	CORRECT
H0338	CORRECT
H0339	CORRECT
H0340	ABSTAINED
H0341	FABRICATED
H0342	CORRECT
H0343	CORRECT
H0344	CORRECT
H0345	CORRECT
H0346	CORRECT
H0347	CORRECT
H0348	CORRECT
H0349	CORRECT
H0350	CORRECT
H0351	CORRECT
H0352	CORRECT
H0353	CORRECT
H0354	CORRECT
H0355	CORRECT
H0356	CORRECT
H0357	CORRECT
H0358	FABRICATED
H0359	FABRICATED
H0360	FABRICATED
H0361	CORRECT
H0362	CORRECT
H0363	CORRECT
H0364	CORRECT
H0365	CORRECT
H0366	CORRECT
H0367	CORRECT
H0368	CORRECT
H0369	CORRECT
H0370	CORRECT
H0371	CORRECT
H0372	CORRECT
H0373	CORRECT
H0374	CORRECT
H0375	CORRECT
H0376	CORRECT
H0377	FABRICATED
H0378	CORRECT
H0379	ABSTAINED
H0380	CORRECT
H0381	CORRECT
H0382	CORRECT
H0383	FABRICATED
H0384	CORRECT
H0385	ABSTAINED
H0386	CORRECT
H0387	FABRICATED
H0388	FABRICATED
H0389	CORRECT
H0390	CORRECT
H0391	CORRECT
H0392	FABRICATED
H0393	FABRICATED
H0394	FABRICATED
H0395	FABRICATED
H0396	CORRECT
H0397	CORRECT
H0398	CORRECT
H0399	CORRECT
H0400	CORRECT
H0401	CORRECT
H0402	CORRECT
H0403	CORRECT
H0404	CORRECT
H0405	CORRECT
H0406	CORRECT
H0407	CORRECT
H0408	CORRECT
H0409	CORRECT
H0410	CORRECT
H0411	CORRECT
H0412	CORRECT
H0413	CORRECT
H0414	CORRECT
H0415	CORRECT
H0416	FABRICATED
H0417	FABRICATED
H0418	CORRECT
H0419	CORRECT
H0420	CORRECT
